,Place Name,Place ID,Latitude,Longitude,Ratings,Reviews,Types,Vicinity,Price Level,Photos,Status,Temp Closed
0,Aventura,ChIJ1fh_fz6uPIgRz6sDQ5frrZY,42.2802798,-83.74649509999999,4.5,1206,"['restaurant', 'bar', 'food', 'point_of_interest', 'store', 'establishment']","216 E Washington St, Ann Arbor",3.0,"[{'height': 3456, 'html_attributions': ['<a href=""https://maps.google.com/maps/contrib/104327210793567035055"">Aventura Restaurant</a>'], 'photo_reference': 'CmRaAAAAguSWCXun9raoCvOhk--8DOPrqaIpqKApw1Pqm-O4X3-EogktytQF_gkDpV94pIt6hHCqi92RynqpdizIOc1-OIVZS_PT_3GOeDM-zFKgcAI9DJtSdQcnY0OESeuoDncwEhAE1ucmL9xckiPEq54Lp8ORGhQ0sGUiUHjaua6Ub0dZjKFxFjZ-Iw', 'width': 5184}]",CLOSED_TEMPORARILY,True
1,The Lunch Room,ChIJVVVV1hWuPIgRnnUCKv2f8xM,42.2845362,-83.74647879999999,4.7,723,"['bar', 'restaurant', 'food', 'point_of_interest', 'establishment']","407 N 5th Ave, Ann Arbor",2.0,"[{'height': 1080, 'html_attributions': ['<a href=""https://maps.google.com/maps/contrib/107003315182118505555"">Sasha York</a>'], 'photo_reference': 'CmRaAAAA9V2n219zRNt5p_JWsS576eb3KS6cJT0IBTgtTZ7nbMv_N3aL4zVd_TdGnEFFRG24pxSiK48ZqBg3QbezUu7dYZeEi3H5cAfCxV65LHO8J9swkz5f4XY93X-or0xB6J1xEhAPZ4X3qHCdxnAb3xc6hTzxGhQu8ZatS0wQvadgGjNbsLSkLYX1gg', 'width': 1920}]",CLOSED_TEMPORARILY,True
2,Taste Kitchen,ChIJkYCCcz-uPIgReS6g4YFAUJM,42.2795439,-83.74232409999999,4.7,292,"['restaurant', 'food', 'point_of_interest', 'establishment']","521 E Liberty St, Ann Arbor",3.0,"[{'height': 2268, 'html_attributions': ['<a href=""https://maps.google.com/maps/contrib/113001304112129052712"">Abben Hung</a>'], 'photo_reference': 'CmRaAAAA6Vv4-CeV0Rpf1W0wozhUkQL4boFM0E9FNgFWzEpF46Gf8UbVeDrCRsUPJN4jqFQ1E06BzhTsxqM7cJcGt_6KmQJo1SRI9jXoopCErTxsU8TYxvBl-2l14DVWmUUMTquhEhBPgkV3UZ50YLNsPWYAx-D0GhSv6T4sIZGVkpAUNRLi59JbCv5V1w', 'width': 4032}]",OPERATIONAL,
3,Sava's,ChIJ0518hECuPIgRQOgqLkeI6fA,42.2828168,-83.74062359999999,4.5,1725,"['restaurant', 'meal_delivery', 'meal_takeaway', 'bar', 'liquor_store', 'food', 'point_of_interest', 'store', 'establishment']","216 N State St, Ann Arbor",2.0,"[{'height': 3456, 'html_attributions': ['<a href=""https://maps.google.com/maps/contrib/107876272101921412298"">Sava&#39;s</a>'], 'photo_reference': 'CmRaAAAASWx_EnI1-R8B2n1AXNCArJ95v-ieX_-lgrz4yG52wOBcvjipFtr9p58M62njkuhIa2XudXLCz-QgsTjNvhtFJ1Y6oyjOZw3UTtpnEi7HiEnUBTUzbr8d6wQE_N4PegTsEhDPGUHC-mCZJUdg5Ad4OPPCGhT44a2q8r_oDUX32vXT6P2ZwCRhrQ', 'width': 5184}]",OPERATIONAL,
4,Chela's Restaurant,ChIJmcIvmj6uPIgRWzfO5rd7xT8,42.2791921,-83.74594019999999,4.6,519,"['restaurant', 'food', 'point_of_interest', 'establishment']","307 S 5th Ave, Ann Arbor",1.0,"[{'height': 1080, 'html_attributions': ['<a href=""https://maps.google.com/maps/contrib/118309079097162241021"">Megan Miller</a>'], 'photo_reference': 'CmRaAAAAFYxnSsUqZdn8ZPErjDUbgyzfrBZDYOzLOco-ONy72WHg-_J5zfDcRpYPdFz34G4Jz8d5YvdcaMIqccAdyBCspkIBG2lWDjdvzftaSqQZYwmzDaCeW2Esxw8A_OA-yO6FEhAuieWgMufmxkQOb6ngrA38GhQzoO2luiI7iO75nwH-Uz7DvS2pjA', 'width': 1920}]",CLOSED_TEMPORARILY,True
5,Amadeus Restaurant,ChIJfSDQsz2uPIgRnJ1c1BFp_s0,42.280316,-83.747554,4.6,218,"['restaurant', 'food', 'point_of_interest', 'establishment']","122 E Washington St, Ann Arbor",2.0,"[{'height': 2416, 'html_attributions': ['<a href=""https://maps.google.com/maps/contrib/111957838753737857317"">Anna Maule</a>'], 'photo_reference': 'CmRaAAAAJZ0yYPCYPl6MMm-_fsP0xUcTNjRe9ALknHCGMS3npl3Enj-RDGk0EWnsiGQ6wfysoROO_g1gjJxQyV9me9aGE1eMFkHaajdyl9zTdDmsmvcDfytGVUcQ35pyDd5xMq1sEhBV9lyPmkVvV3ml3lL-1BwZGhSmFqHTJAz5L1OnecrwejoCFMuOsQ', 'width': 3552}]",OPERATIONAL,
6,Gandy Dancer,ChIJZbsiYBOuPIgRwBPyXagDZuw,42.2872135,-83.74168089999999,4.5,1425,"['restaurant', 'food', 'point_of_interest', 'establishment']","401 Depot St, Ann Arbor",3.0,"[{'height': 4048, 'html_attributions': ['<a href=""https://maps.google.com/maps/contrib/117933678453433214891"">M Mcmullen</a>'], 'photo_reference': 'CmRaAAAAyIe3SvFEecYKGZOnBpEYT45rE9xqyhDRX5hI65wQQV6TGuyC5NGXcAMpRj5T6o0bP4qIiuKh6MuPb8PGXGJ88sZU9nQX9GMyecIUmXt_n0qgHOXO7TA2YoD-7W-9oJRhEhDq29bCWvhq81FrrN5DJ_NpGhSGee3O0IHW269MWdpk1WnrOP_vxA', 'width': 3036}]",OPERATIONAL,
7,Mani Osteria and Bar,ChIJZZG58j6uPIgR1ohn-NPf_Jw,42.279587,-83.7442246,4.5,1008,"['bar', 'restaurant', 'food', 'point_of_interest', 'establishment']","341 E Liberty St, Ann Arbor",2.0,"[{'height': 3024, 'html_attributions': ['<a href=""https://maps.google.com/maps/contrib/109377586477959982061"">Regulo Salinas</a>'], 'photo_reference': 'CmRaAAAAEzNmOmWGa63IlhZr6QMbC2bAj5GmYB7E6vEYyEMOKIzTo8iyDCsIC9j8zy2otQ2nv-S7LSSYlwioSRmkK4j2xCq73sHCZoNqZvcKw7OmSDbKKx1-7LjzmpA7lIdKFCpKEhBKwDhwgrgkkhxmHvcxSJrnGhS8azeXprUSk5AjJ8XbzkvtvErUrQ', 'width': 4032}]",OPERATIONAL,
8,First Bite,ChIJH1a6pj2uPIgRaTad6b-Ixnc,42.28110969999999,-83.7488498,4.7,133,"['restaurant', 'food', 'point_of_interest', 'establishment']","108 S Main St, Ann Arbor",2.0,"[{'height': 4032, 'html_attributions': ['<a href=""https://maps.google.com/maps/contrib/113530660222454739821"">Lyudmila Austin</a>'], 'photo_reference': 'CmRaAAAAunGAmgqH_a6TB9yK_ikivZeDW53fXcg6Z7vXPB32W9E3QplaHk08jJwT8hnfNSUziJKHIjfl_EVqfJfRz9Wcqx9g_5r4SklLGT9DLvX8P7nrQgPVgP2-ZYMtupnq5AMpEhBhQSEncyErSeFy0wCCPaK9GhQl9Dq0ZgA_TisIXOpnygyzxqZlNg', 'width': 1960}]",CLOSED_TEMPORARILY,True
9,Detroit Street Filling Station,ChIJWbu34xWuPIgRXrErOhj9_e8,42.2834111,-83.7463361,4.7,572,"['restaurant', 'food', 'point_of_interest', 'establishment']","300 Detroit St, Ann Arbor",2.0,"[{'height': 3496, 'html_attributions': ['<a href=""https://maps.google.com/maps/contrib/107412532859655679509"">Vincent Koppelmans</a>'], 'photo_reference': 'CmRaAAAAEZ9zyrtqoMMhTSaSUkXS80svD2nxc7ByM4-xbLD_IviQTeMViqKl2RELA2omtzc_OYLZUBUrksJuNrtKfJODuQT8Mhe0VaNzBYrYs2gS_Jym0-qN7fafQOyI_wJCk8JiEhAiOzsXksaDVpSrGUpf8VzgGhTCe70YSt_I2d2SPHdpOiqlwOAuGQ', 'width': 4656}]",OPERATIONAL,
10,Vedge Cafe,ChIJkbjIgD2uPIgRGumfY3z4O7M,42.2825962,-83.74866999999999,4.8,141,"['restaurant', 'food', 'point_of_interest', 'store', 'establishment']","205 N Main St, Ann Arbor",,"[{'height': 3496, 'html_attributions': ['<a href=""https://maps.google.com/maps/contrib/107412532859655679509"">Vincent Koppelmans</a>'], 'photo_reference': 'CmRaAAAAuhC--3JKmoX94aaZXotMbHuBruYx3M-Kg6QiryFOg7k5iYmmOEbbqRX91MY0WMGhI4z53-N2LmJgnU2qQl7ZgwrfqQkv-SOHCD5NUEmGGlTELHWQDmFsRdugh2mrVIvOEhCy7NXAUydZHGCQIhepPU8tGhQS8GdqPGSoNXLWTuSMH7VHwch_lw', 'width': 4656}]",OPERATIONAL,
11,NeoPapalis,ChIJA4cOLj-uPIgRXwsXcbwwjI8,42.2776846,-83.7429525,4.6,720,"['restaurant', 'food', 'point_of_interest', 'establishment']","500 E William St, Ann Arbor",1.0,"[{'height': 3968, 'html_attributions': ['<a href=""https://maps.google.com/maps/contrib/101105151491815122497"">mohamed amine Bouhlel</a>'], 'photo_reference': 'CmRaAAAAeThPkt-ME_NyQX4otyAMaY2cJfH9SjduG9uDFMf1q4sgHr8hQ1LyZ9CH-mDCJjmKWDMTWBohjlBE0i_7Z-M8JS8EEKkBKK2mW9twfPv6HrsInGb6y2G0saPBoPxQxpitEhDFB_Qy4Glglpb5Nb6lvlt_GhRXFgSTGVkXVfas0osFg2xS-fnc0g', 'width': 2976}]",OPERATIONAL,
12,Totoro,ChIJHyF-h0CuPIgRQr_r9MDv2jw,42.2797861,-83.74065279999999,4.5,704,"['restaurant', 'food', 'point_of_interest', 'establishment']","215 S State St, Ann Arbor",2.0,"[{'height': 1080, 'html_attributions': ['<a href=""https://maps.google.com/maps/contrib/114502401837362485586"">Seth Berger</a>'], 'photo_reference': 'CmRaAAAAo30ytuBXNYgWElU0BmG6Ob5VCNZLVCX1wp8GhzTfq95AOvAo2KfC-4ITbP3Y5pxgYpKzl2AODWrwr9GH65pR0XTMvoCf_li3OrgL6KUdW_90ToGjms_MOSjFlsU7XzrIEhDre2gJXzB6NycdLOlqqLSsGhRRrk3VrGtv4F02yzFXs-HoIskXaw', 'width': 1920}]",OPERATIONAL,
13,Spencer,ChIJ_x5GSDyuPIgR4-CP9CEstSI,42.2796723,-83.7478995,4.6,255,"['restaurant', 'food', 'point_of_interest', 'establishment']","113 E Liberty St, Ann Arbor",3.0,"[{'height': 2160, 'html_attributions': ['<a href=""https://maps.google.com/maps/contrib/109188227585685283985"">Mikhail Zolikoff</a>'], 'photo_reference': 'CmRaAAAAYIv6AL7i4LvwDygTvnY7BqVImFLv7znW70xFVbbHlh1sYX07-fP1Btn5lPNGkdpinH5189mEKBJWD073wTKavYBw_9tjUFSf2BVSLh-_HbUGv_cCZShyMd-fR9rqDuddEhBgbFzXmqwtYxUjiF5AvRiCGhSzdmHxkdz6nkO3-tX24CRdJ7sxMg', 'width': 3840}]",OPERATIONAL,
14,Pacific Rim By Kana,ChIJyXiqUDyuPIgRNElTGytOMGY,42.279711,-83.7493882,4.5,393,"['restaurant', 'food', 'point_of_interest', 'establishment']","114 W Liberty St, Ann Arbor",3.0,"[{'height': 3022, 'html_attributions': ['<a href=""https://maps.google.com/maps/contrib/102155165556428590025"">Michal Lorenc</a>'], 'photo_reference': 'CmRaAAAA0F01fq2HZXjqX5aNnNsXqpYnfYhBp9Pleh3ye8C_UQ0XqZ8XsOg7el5onHT5P6Y6e0GAOCkaL5igD6_vFffR2rN6DRkaZwTP2QOLmne54rG-TwyZr2PrLti0NrNoxHeCEhBhXdVo6GpF_Chj6LZQdsJaGhRN_Ynb9cD8V2PwlfkHRxpjEqIBkg', 'width': 3529}]",OPERATIONAL,
15,Kosmo's BopShop,ChIJy5-J6zyuPIgRS803GleZHq8,42.2792851,-83.7501356,4.8,220,"['restaurant', 'food', 'point_of_interest', 'establishment']","308 S Ashley St, Ann Arbor",1.0,"[{'height': 2442, 'html_attributions': ['<a href=""https://maps.google.com/maps/contrib/102509643610242017758"">A Google User</a>'], 'photo_reference': 'CmRaAAAA6kj_dUdRlvm5cH0FBLIcA6wy_ojwU8ViRJYV4JKhSp36GiEMgIxOxcE7MRDfo1NWLxxeqTwWQPAYELWpCJeHbsFxT9WBztQCqGENKtKlwPWQJzLELKkpWcCCwbaqmSYaEhDAQbXa2adkg5i2gD8tCbiNGhTlCvDpNR14sCm7zPwzZSf1M531yg', 'width': 3048}]",OPERATIONAL,
16,Ruth's Chris Steak House,ChIJVcLrPzyuPIgRSiXhUxWFezM,42.2789961,-83.74773960000002,4.4,649,"['restaurant', 'food', 'point_of_interest', 'establishment']","314 S 4th Ave, Ann Arbor",4.0,"[{'height': 2988, 'html_attributions': ['<a href=""https://maps.google.com/maps/contrib/112356211927546557229"">Terry Kilbreth</a>'], 'photo_reference': 'CmRZAAAA0wAPGud7OR76olutwHd138K2RaTOO2v9QeMJeu0bUO06Ov-PmHeujrNqSoN0IvXqlsNBCUgecyAxJGAOOgayImeJywT6yYVggiNUDPV9xKAWbH5PTw8mHnyzgCtbfNPxEhBGoEjHQ3tYe7s3366GP7GTGhSWoygGcZiPINwXVnOt3fA9dMLSyw', 'width': 5312}]",OPERATIONAL,
17,Miss Kim,ChIJLaSH1hWuPIgRw6F8GUKBM6k,42.284582,-83.7464713,4.4,303,"['restaurant', 'food', 'point_of_interest', 'establishment']","415 N 5th Ave, Ann Arbor",3.0,"[{'height': 3024, 'html_attributions': ['<a href=""https://maps.google.com/maps/contrib/113798844109893409344"">Sally Hobbib Rumman</a>'], 'photo_reference': 'CmRaAAAA7ue-PALbKwIL9WGAMSKHemyiq2LnfXqKo9BBqcdyiFQdoIevEioNM3hFe7vyiHjhxo37lDaQh1P6m7hljmQtouNiDD9d3Ku_7Xx1aiAM7yvgWeQno2LR8_b7StthgJwUEhD6eYGGEGT33aKPNsklROTAGhS1DnsFi2K5J0mpoAArP2fzaG_EpQ', 'width': 4032}]",OPERATIONAL,
18,Vinology Restaurant & Event Space,ChIJ05fgpD2uPIgR72hgsTgZEJM,42.28102459999999,-83.7487453,4.4,553,"['bar', 'restaurant', 'food', 'point_of_interest', 'establishment']","110 S Main St, Ann Arbor",3.0,"[{'height': 3024, 'html_attributions': ['<a href=""https://maps.google.com/maps/contrib/105584015366871040748"">Chase Kim</a>'], 'photo_reference': 'CmRaAAAAuAdThgG1GqCNypSFY8Mv9_6bYruO2PMFKuU6hvL3QBCuglqiuCD_laDbC7O3RZTldssutTI7gNkoEFdh4EHJoM6WcaPrYeA3SSmHLPesMM6P32dqdEFksxgmou2PA5--EhCAguBZXjxATYhmy7oAWP0rGhRbYoTcmDb1xFV6jUtbLb6UaGhwHQ', 'width': 4032}]",OPERATIONAL,
19,Northside Grill,ChIJr7XE4myuPIgRwh__WnkdOTY,42.289387,-83.739198,4.5,871,"['restaurant', 'food', 'point_of_interest', 'establishment']","1015 Broadway St, Ann Arbor",2.0,"[{'height': 4048, 'html_attributions': ['<a href=""https://maps.google.com/maps/contrib/106320737844943981118"">Kelvin Simms</a>'], 'photo_reference': 'CmRaAAAAXmrcelFA3UbAYx-f9flejYl8ngDKoJ7OiAL9gjXdmCD2B_z4DAspZ4HlZj67twZRXUpuuDH9eXorNDRkF8_Nz1GQve4vAObOd8_NCOWWdip8_mfCh6kP7F6L3s-3X6oMEhB8ZN4yP5Yzv4aYQFmL57xuGhQr81XZKTd7r2xGxlyOaAJIFVEfzg', 'width': 3036}]",CLOSED_TEMPORARILY,True
20,Black Pearl | Ann Arbor,ChIJK3b_WjyuPIgRYJeutjpr3Xo,42.2793786,-83.7487793,4.5,470,"['bar', 'restaurant', 'food', 'point_of_interest', 'establishment']","302 S Main St, Ann Arbor",3.0,"[{'height': 3024, 'html_attributions': ['<a href=""https://maps.google.com/maps/contrib/103427680578421708766"">A Google User</a>'], 'photo_reference': 'CmRaAAAAV9b_gMQ3C6psJ4s9xFe_SFoe4NMXvxByV0rNU0ffuYWddRmx87N5DjzSg8YMLr6JCBiyL3E_x3t1GfUOrCFFP0pjnQQPi-Z6vacMyK9qpAKwWjSV_39uHmh7aw3IGWgXEhDLPQqQ6Ftz_JHrkVYl9VMiGhQFJ5LVZhooCBjYBAg9Q524pqjvug', 'width': 4032}]",OPERATIONAL,
21,Logan Restaurant,ChIJB9veAD2uPIgR38CUpGnxrDo,42.2804165,-83.7494061,4.4,163,"['bar', 'restaurant', 'food', 'point_of_interest', 'establishment']","115 W Washington St, Ann Arbor",2.0,"[{'height': 1266, 'html_attributions': ['<a href=""https://maps.google.com/maps/contrib/107526589813680376679"">Logan An American Restaurant</a>'], 'photo_reference': 'CmRaAAAA_egRj5aUxFoE28631UbAH3YGWB2Wwht9odkCoio1Kt1oqJGgWprctP6hUWdU5vIm8cfiPm91X_Z4EFg9QkJZati25wFVQIvTmvN8HzqWXBD7eLHFJP0nshF724DuOC6fEhDgZ-vRxVKzFtqhQjc5QzjqGhQTzhFjBnrg62VYpTM3-QLIDoyvEg', 'width': 1900}]",CLOSED_TEMPORARILY,True
22,KouZina Greek Street Food,ChIJEX4WYzyuPIgRo9NOhPBLDzo,42.2784836,-83.7489027,4.5,497,"['restaurant', 'food', 'point_of_interest', 'establishment']","332 S Main St, Ann Arbor",1.0,"[{'height': 3264, 'html_attributions': ['<a href=""https://maps.google.com/maps/contrib/108354454521496350333"">Nicholas Dimarcello III</a>'], 'photo_reference': 'CmRaAAAAoOrvvCbg59JEvNpSp9klnxwg0XgpWkuB322X6Yku3xRyxWG_B5EhquWtodh8I6rYM2I3PmS5iIENrqYhArnA9OKBhlejABt5-Xbfsf6SeaBp2A6FH2zN91o31pL8nwa1EhA0YxpzrOOoqSDSwcCNwsCpGhQExlGiWojg7USsSDrgTx7phOCLrw', 'width': 2448}]",OPERATIONAL,
23,Jerusalem Garden,ChIJ2exgmz6uPIgRga_zDJ8qoXI,42.2792036,-83.745421,4.5,1065,"['restaurant', 'food', 'point_of_interest', 'establishment']","314 E Liberty St, Ann Arbor",1.0,"[{'height': 2448, 'html_attributions': ['<a href=""https://maps.google.com/maps/contrib/103882588710645687656"">Charles Taricska</a>'], 'photo_reference': 'CmRaAAAAWfk_LUoZ6DKX4YVqYfm99C3CJyQA3gtkWESFq_BYcsJnlwszPVbRCvIHarCPnw2Z2vKpB591LJLyNvjjwwRRP4vXhPQVpOmOna2FaAVL0c202lYXG-mnhpMRjRrf-QUjEhC_ZGgL_MwwQhQMIyo90NAtGhQi7V82SOg9KtInGRhicJDrBzlWOw', 'width': 3264}]",CLOSED_TEMPORARILY,True
24,Sadako Japanese Restaurant,ChIJjSLe70SuPIgRP1kmtqvDgQA,42.275189,-83.73244799999999,4.4,332,"['restaurant', 'food', 'point_of_interest', 'establishment']","1321 S University Ave, Ann Arbor",2.0,"[{'height': 3024, 'html_attributions': ['<a href=""https://maps.google.com/maps/contrib/106739483460626626062"">Karen Nomura</a>'], 'photo_reference': 'CmRZAAAAk5JNsRahaU-UxaGawor43tkmF3Ng2CPLRYHP76xu_2FRw7eLqJHOoZUVDCTxP1o8bF0coxjJJNZPk_6TavM5H7VoWbpsdmW_Dc_nBk9wNeYS_Pa_VJwxL2kgcLRKfn9qEhAOorTJjootKO8Qbt3b1Mv0GhSyohUhrRpcLgKSV1inUc6Td5x_fg', 'width': 4032}]",OPERATIONAL,
25,Isalita,ChIJxakU8D6uPIgRDkVcXiJ1mA4,42.2795874,-83.7443945,4.4,673,"['restaurant', 'food', 'point_of_interest', 'establishment']","341 E Liberty St, Ann Arbor",2.0,"[{'height': 578, 'html_attributions': ['<a href=""https://maps.google.com/maps/contrib/108599210254235574347"">Visit Ann Arbor</a>'], 'photo_reference': 'CmRaAAAADTq7AxOPaiIFVov_NcUvxEH3xlSdK1qz5xJjewWwhSU_V-jpJIc7_5EE86vYAL6lmBQXbY5Hu-FgoVn6i9cl6ANaWGSkPfDdBg7LetyNfUsV3IhOUflIUsozL6lmkCOTEhAFiwZisvYVDoQJmeRkPhZzGhSYIIQ1nIN0Q3-V45QyPK4DS7bUaA', 'width': 864}]",OPERATIONAL,
26,The Jefferson Market,ChIJ2W9jUSSuPIgR8N6HkShQrTc,42.2758501,-83.7553346,4.7,185,"['restaurant', 'food', 'point_of_interest', 'establishment']","609 W Jefferson St, Ann Arbor",2.0,"[{'height': 3024, 'html_attributions': ['<a href=""https://maps.google.com/maps/contrib/117544002521921918031"">Jefferson Market &amp; Cakery</a>'], 'photo_reference': 'CmRaAAAA4CzgvdnG-vbwk4V6fELL2nBq-yNtqInXA5L0p1O0NoUmchOEy33w5Z9D6qyC0aaD-yDYQE4DsnW5tVEJ5XYtX9RN56Ik6-W8lsM1NC3BWs9HFPzEBxmDNn15c1UCwUdvEhBGJrlemk2-O_9FJM-PuGd1GhQ_kaCW9zxv0JR-VBVzM1awsKpCrA', 'width': 3024}]",OPERATIONAL,
27,Slurping Turtle,ChIJu9W4fD-uPIgRKLcd_YjV04s,42.2792268,-83.7416453,4.5,1103,"['restaurant', 'food', 'point_of_interest', 'establishment']","608 E Liberty St, Ann Arbor",2.0,"[{'height': 2160, 'html_attributions': ['<a href=""https://maps.google.com/maps/contrib/103553497700355426082"">A Google User</a>'], 'photo_reference': 'CmRaAAAAFR0A-pnGB0i-C-3rQ7m3AF3yxUmWARcZ_egEb0t2gkyloA1FwY2P_gzzpJEdM2JRscMyPql2BWnvAx8LwotG4eEFEzTAQSr3AQG_xZkJh3ukaZ3XFkW8zi7_TMh5SE6FEhCD0PKbXlNQn-KLL9s9lXOWGhQ6DZ8LZKhzgRu4rbr8GCV_CAJtKA', 'width': 2880}]",OPERATIONAL,
28,Frank's Restaurant,ChIJdY6vQz-uPIgRhZ0NSAAVr34,42.2782594,-83.742325,4.4,269,"['restaurant', 'food', 'point_of_interest', 'establishment']","334 Maynard St, Ann Arbor",1.0,"[{'height': 3024, 'html_attributions': ['<a href=""https://maps.google.com/maps/contrib/106739483460626626062"">Karen Nomura</a>'], 'photo_reference': 'CmRZAAAAs4joejtJtnximdd8tzCYM_0dQyE4qIzHZQ8gFdDg544Kd4g5tayN7X-94uShS7l0q_2pxlwHpoucMAwLEMonPTtS6VEwLEWFybynIEb2FPlyO9fzPP7I0rlltLrlJ2LQEhBYD37kMKjiBtPy7c33a6TdGhRDX1UtkF8kYMrjET7E9Bdsivf8Vg', 'width': 4032}]",OPERATIONAL,
29,Frita Batidos Ann Arbor,ChIJx8yeAT2uPIgRjemtDnqZt4U,42.2803524,-83.7494414,4.7,2954,"['bar', 'restaurant', 'food', 'point_of_interest', 'establishment']","117 W Washington St, Ann Arbor",2.0,"[{'height': 3024, 'html_attributions': ['<a href=""https://maps.google.com/maps/contrib/101220492010043682953"">Birdmantk</a>'], 'photo_reference': 'CmRaAAAA-r39VT9RkVvecYejQuRRRGVOXaPohjXFxOuOEb0PBGSn_yuyvoxwYhWV4j8E7bTsRJW0DAPaKLVrID7xqtNmxfly20RAOGMiDDpHdl_R2ZvUi1ZiVRttvO58RCH-c-7KEhBlX5fQLtNQD39K_quXdWWDGhQVtYdgJIeDv5cGY4wig21KgnG4Yw', 'width': 4032}]",OPERATIONAL,
30,Mister Spots Ann Arbor,ChIJr2akG0iuPIgR3zamzDj8JAo,42.2716051,-83.7408923,4.6,375,"['meal_takeaway', 'restaurant', 'food', 'point_of_interest', 'establishment']","808 S State St, Ann Arbor",2.0,"[{'height': 642, 'html_attributions': ['<a href=""https://maps.google.com/maps/contrib/111813017370159964573"">A Google User</a>'], 'photo_reference': 'CmRaAAAAqVxqs9nP4_xT0Wsz5xm5XW141X-jzCHt8NyEZdSjzxAnqL_EIOczolhTQbRE2Nq20oBTdmgdUVylPK1R8yG4G3uG7MRyuFZKgpzM3Qfa0uxLOacvTbRWUVrjb-ML6xZFEhBJEDoqtt90kWSqUlj6CwngGhRWGz08zw1A5VvQt5qmpnvoBzTEHQ', 'width': 960}]",OPERATIONAL,
31,The West End Grill,ChIJj_vhWTyuPIgR5Fl64C0Wx2c,42.2797138,-83.74962649999999,4.4,92,"['restaurant', 'food', 'point_of_interest', 'establishment']","120 W Liberty St, Ann Arbor",4.0,"[{'height': 4048, 'html_attributions': ['<a href=""https://maps.google.com/maps/contrib/101571669884946264381"">Josh Woodward</a>'], 'photo_reference': 'CmRaAAAAZZdCYLq4BNy-5j5d6A0_Q1j8AiF-yEk8dZDCpIWXPD5MLESEK3EwLA7Yr0nNMwOzt3RfoC6pAPkjzeOPFV0hW_l0IPgtVJMobfsAPaGR8NOVhJk6mn1r95zZZYbipVk7EhAQnZDLklpviPJduXZcqaIhGhQ9x9oWvabzehIpb68pY-r0d3u7Eg', 'width': 3036}]",CLOSED_TEMPORARILY,True
32,Earthen Jar,ChIJRwd_mz6uPIgRgP6vCT_-ctw,42.2791024,-83.74588399999999,4.5,247,"['restaurant', 'food', 'point_of_interest', 'establishment']","311 S 5th Ave, Ann Arbor",1.0,"[{'height': 3024, 'html_attributions': ['<a href=""https://maps.google.com/maps/contrib/111456400403254241269"">Spencer Field</a>'], 'photo_reference': 'CmRaAAAATU6vmQOQQt9Xb0-38imlql6Qy5BvCKMiOXHmmDj_PQFrTCv_xfqQ6268MkIOc-upLhd-_v5o3lsL2RCW1ffrgLeOKFiMEL3bE3wmZJlXBRrTMVRKPz0Iu2xt_28_L2zMEhDlFyI5iaeQimFNMjEeTqSNGhSQu0T3z0ZCLqr0cO5UM4qq2Wue6g', 'width': 4032}]",OPERATIONAL,
33,Caf√© Zola,ChIJk7vkqz2uPIgR4_zqa2G5SBI,42.2806056,-83.7493361,4.1,724,"['bar', 'restaurant', 'food', 'point_of_interest', 'establishment']","112 W Washington St, Ann Arbor",2.0,"[{'height': 2400, 'html_attributions': ['<a href=""https://maps.google.com/maps/contrib/115583252877594400880"">Cheng-Wei Wu</a>'], 'photo_reference': 'CmRZAAAAxl6J8paOVccPoOnWBPkcpQFB7T19bzbZBFepCNY36UwPs_WqaPrK0mePwNAZZoXle0mxBvY3_ObAAGt40FxaWbEgaa-UGajEUS62Tau1C7wN_nht5_hxZ9IXUGsCfGRXEhD6RhCYo_xpv9cT5XDd0Pu0GhThlGGQvPDdSh5ZtACaA2SHcaLVzQ', 'width': 3200}]",OPERATIONAL,
34,Kang's Korean Restaurant,ChIJW8mt6ESuPIgRAuc_6v_xtMk,42.2751895,-83.73229649999999,4.5,313,"['restaurant', 'food', 'point_of_interest', 'establishment']","1327 S University Ave, Ann Arbor",1.0,"[{'height': 3036, 'html_attributions': ['<a href=""https://maps.google.com/maps/contrib/106250494849648005210"">Fred M</a>'], 'photo_reference': 'CmRaAAAAPsOF6UGymUfyOzBIM2fPJMQvlWsOtBaxPvqm6H_0OuWHaIJFfnj7cqwVD9gdg6jmQnOJ6hO14D1mqilybRBw5AVvGzhXjPBF9518T52orFKjN9qH3wRx7RUh8ZwXcvn-EhDISP0iOv28akC7rpA8mhTjGhThGVkMcICp5ImTM033Ela8B7uEFQ', 'width': 4048}]",OPERATIONAL,
35,Angelo's,ChIJk-Bv82muPIgRh_TyrPY8gxM,42.2829833,-83.735475,4.5,967,"['restaurant', 'food', 'point_of_interest', 'establishment']","1100 Catherine St, Ann Arbor",2.0,"[{'height': 1951, 'html_attributions': ['<a href=""https://maps.google.com/maps/contrib/101185099751988217352"">A Google User</a>'], 'photo_reference': 'CmRaAAAAvKvxn0yysyBEcuBmZTXnOehaZYQOaME74W7757YzefsnNrgbRmtg6B7ehJEks3t3TrRnJiQGavPBCCG2ukuOp-k9bA3twZTYrPhBfHoA8MzobcoDnK9mFiM6AfVwv8vTEhDcEZiRwG3wuHmEruEeme0UGhQE9-ebJTml8Luh8ltb11905vcS9w', 'width': 1950}]",OPERATIONAL,
36,Grange Kitchen & Bar,ChIJ3Vn9WTyuPIgRoB1PBreNsIo,42.2797456,-83.7495343,4.4,268,"['restaurant', 'bar', 'food', 'point_of_interest', 'establishment']","118 W Liberty St, Ann Arbor",3.0,"[{'height': 2988, 'html_attributions': ['<a href=""https://maps.google.com/maps/contrib/102858826725979977774"">Barnaby Pung</a>'], 'photo_reference': 'CmRaAAAA40828GoG3CMwcvQp6QLdjb5NRi3RA1aYuS6oBpxMQlp-LY1zsAHjKnld0b2Ui0jD0-6XXHvkJbGgkl2z3lqkaoqOYKQQQHoJJg3dHOHQBXQyfeppybPHueXCz4kOLxBQEhBHpxXgGZkYOWqe1nEn_1M-GhRJRqsSNcYfF4ZuXCCANZ7MGUFiDA', 'width': 5312}]",OPERATIONAL,
37,Blue LLama Jazz Club,ChIJAQDQXzyuPIgRG019M4T-_BQ,42.2790551,-83.7490053,4.8,208,"['restaurant', 'night_club', 'bar', 'food', 'point_of_interest', 'establishment']","314 S Main St, Ann Arbor",,"[{'height': 3333, 'html_attributions': ['<a href=""https://maps.google.com/maps/contrib/114561351372702638572"">A Google User</a>'], 'photo_reference': 'CmRaAAAA1OzHcVklfU_C2R1EL-kYh7eVbnHtqq-Wxc0FnUhoo_Z31-ycSPRdgWKfGEhhzgDCtRI5vMbHxuFcmyLhyD1qOPpQVIOBxObc0X-SeRHRLrIRfRtXNlH3p9c9yXeGAJXqEhBb6-uZTXqOF-WOycqFiNNiGhSO2VRsKK-4DJmSGzHDkz9PU3-XKA', 'width': 5000}]",OPERATIONAL,
38,Bopjib,ChIJM7QaFvOvPIgRsp085aVQ4tg,42.2742332,-83.73439019999999,4.6,32,"['restaurant', 'food', 'point_of_interest', 'establishment']","621 Church St, Ann Arbor",,"[{'height': 4032, 'html_attributions': ['<a href=""https://maps.google.com/maps/contrib/104513882827350779649"">Mark Knisely</a>'], 'photo_reference': 'CmRaAAAAmdfa8gOhAq9pj8Gbiec3MKhHzMjbdoWWJW-t7NJc3FLWdBe-4OesJ07d3zJHewVmIoN-Vn9sROwiF1_d8jem0cWNRy7AbT1QgejI7FHyYKK74GI3lglkDcJ0Mu3xJI4xEhAqAxFYu1YGi7GCJHuTFLecGhShsLjJNe5Ld8XCrCsh9ZQlt0v_ww', 'width': 3024}]",CLOSED_TEMPORARILY,True
39,The Earle Restaurant,ChIJC_R0Az2uPIgRyVn5XMucwzA,42.280375,-83.74960829999999,4.5,544,"['bar', 'restaurant', 'food', 'point_of_interest', 'establishment']","121 W Washington St, Ann Arbor",3.0,"[{'height': 788, 'html_attributions': ['<a href=""https://maps.google.com/maps/contrib/118125509679993169158"">The Earle Restaurant</a>'], 'photo_reference': 'CmRaAAAAQloMp5fhrNm3JLN0c_XdTcLumNp-E59aO4mVX_SQOyNFlrBGDJXXkZU1gqHQr7tmWnvVZa40RzzdZJ0ghRG5-qrRHhGFnffIydub-IiBYUzbQ1F8MIYUiISwIhbTP0WmEhCOvucD0g-XxiL3P_VGP-aGGhSK8uMrfLdD2o12MKsbFetPQQrZwg', 'width': 788}]",OPERATIONAL,
40,Le Dog = La Soup,ChIJSwZfYDyuPIgRs-M9EhTGEWg,42.279211,-83.748967,4.9,97,"['restaurant', 'food', 'point_of_interest', 'establishment']","306 South MAIN Street Suite #1-E, Ann Arbor",1.0,"[{'height': 4032, 'html_attributions': ['<a href=""https://maps.google.com/maps/contrib/112318367264159097422"">Valerie Sobczak</a>'], 'photo_reference': 'CmRaAAAAEO3JofhXpOC0E0kCHGCM-x9pod9OM7hXbeChH8zJq3xtpkcdvhovvP2ZMePlhKlX6iLHnpgzolOM_iKKK7tNo-lr9dMj2FmWbGArSxvY570v8gTJ81yp8mZLOkk0XrjuEhDcV8QfFnhRX9wHkFHDiZz3GhRU-Dqq0CfsPNwYa2ld2gA4p4fALw', 'width': 3024}]",OPERATIONAL,
41,Pizza House,ChIJA3q9y0WuPIgRVA6XbahB8Oc,42.274307,-83.73483200000001,4.2,1437,"['meal_delivery', 'meal_takeaway', 'restaurant', 'food', 'point_of_interest', 'establishment']","618 Church St, Ann Arbor",2.0,"[{'height': 3024, 'html_attributions': ['<a href=""https://maps.google.com/maps/contrib/115426517413954101225"">Curtis Damon</a>'], 'photo_reference': 'CmRaAAAAecyFhF70jT0v1LrZCCmGn6WGinq5zDgk1w_S-qE95SAye4R4jI5KfXHRYdoW4NRLljm-1lTxi-Ru6DWBDiP2d0rFjz8bEQ1JBBroTCpyvI_0cuU3e5JnMGtfx0m9rswfEhCdboKAEgwnoxqJs_PE4IFFGhRldNWyBPlZK2-h-RwZHzDFZ9PcSA', 'width': 4032}]",OPERATIONAL,
42,Tomukun Korean BBQ,ChIJV4YnDD-uPIgRj9JFDo-9QuA,42.27953550000001,-83.74274319999999,4.5,716,"['restaurant', 'food', 'point_of_interest', 'establishment']","505 E Liberty St #100, Ann Arbor",2.0,"[{'height': 1081, 'html_attributions': ['<a href=""https://maps.google.com/maps/contrib/109381438672491566673"">SEULA HAN</a>'], 'photo_reference': 'CmRaAAAAKMWhWYCFEypEjDveL4-Hk8NiO7x7B8sddrOwxKC6bn6iyMtABYxCMpdNCSrjBBX2lrxjue4ImD7Wrmgml9b84stzMCF6tsYs-rz1CzU-gTo45AZGqR8-U-01h8NlAhqUEhCq-dAQ4muR7FVWytdB-4y2GhR5_6SaPfbIE6ArkAJ9Ma5_Ik64NA', 'width': 1440}]",OPERATIONAL,
43,Fleetwood Diner,ChIJk8dH7jyuPIgRbVvbyrxLWoo,42.27945709999999,-83.7500381,4.3,1141,"['restaurant', 'food', 'point_of_interest', 'establishment']","300 S Ashley St, Ann Arbor",1.0,"[{'height': 3024, 'html_attributions': ['<a href=""https://maps.google.com/maps/contrib/106739483460626626062"">Karen Nomura</a>'], 'photo_reference': 'CmRZAAAABAUCrvuNy7h8Rji5TsH2KAO98Yd0C13JSqSPArf2RpAL7Oxp9j4PsZdDo-QUlf2p-vhS9MzAoFTh1xGd4p96sCXma4r931ekU0_vO7huJhuSZL-WBOjxxWODJpIxplgNEhDhO0Emv0MhIsCOEwz9omS3GhQkyY9D3Tc3sz2vWN9EFAm0tMxEIA', 'width': 4032}]",OPERATIONAL,
44,Blue Nile Restaurant,ChIJqyrfeD6uPIgR75I7iacApHA,42.2805417,-83.7463056,4.3,571,"['restaurant', 'food', 'point_of_interest', 'establishment']","221 E Washington St, Ann Arbor",2.0,"[{'height': 3024, 'html_attributions': ['<a href=""https://maps.google.com/maps/contrib/108296116366720079241"">Tanmay Datta</a>'], 'photo_reference': 'CmRaAAAA-OiFTDIdml2GGoI7tlKIqB67M-qzHLSEBCMLhS8wBcqYGw2iLOblCUv0kBd5pDToswJ6M0BwUVH_Rkb_B3Q-4SNkxzltAGuLimuEDG90OaClkKfgBz1QIqYuXttjMbdXEhAAlAbM8DiYvE2CLRpglhyOGhRxCGvtcWnjHEzivBe8jxl-zhApiQ', 'width': 4032}]",CLOSED_TEMPORARILY,True
45,Jamaican Jerk Pit,ChIJTYG980CuPIgRWvX_1FIM7gA,42.2790921,-83.73978029999999,4.5,461,"['restaurant', 'food', 'point_of_interest', 'establishment']","314 S Thayer St, Ann Arbor",2.0,"[{'height': 3780, 'html_attributions': ['<a href=""https://maps.google.com/maps/contrib/117495693473911053786"">Anthony Matthews</a>'], 'photo_reference': 'CmRaAAAAZa-Y_2aHztvLCT1PXbpOIBSFo0pgh5hU1GgkNUYOYijhZt1UzKJg9Q1vGTswphTZcxxIsweym88RJqswpSV_k5HjHj5N0hlob2QnwQww5Ct7pjQOER2yRWdiv9PSFBGGEhBacOA_KzY7ZS6Q7N7fJeBjGhTGj6RewjhJEBTKE93gvoLV1DvfWw', 'width': 3024}]",OPERATIONAL,
46,Siris Restaurant and Cigar Bar,ChIJ77Vnhz2uPIgRSb2XTo-Z9-0,42.2826491,-83.7487056,4.4,208,"['bar', 'restaurant', 'food', 'point_of_interest', 'establishment']","207 N Main St, Ann Arbor",2.0,"[{'height': 3024, 'html_attributions': ['<a href=""https://maps.google.com/maps/contrib/118125043483630874485"">Moriah Smith</a>'], 'photo_reference': 'CmRaAAAAmgP36wc6jARGfdVNiERvcVh6DIMW-4ziGAjor5SyV8MK5fCOHoIX6ANggQ7fPE2lLgq9T6BhqpkkvkDPleBzFWamQRj2QyRAlaf986eNaR3sF5SCUVF2tzuyx8PZJyTREhCSDHj98G2_mqexcQlN55XAGhRrKaaP-QCZ11t7Uz_KRJHSEOIBTQ', 'width': 4032}]",OPERATIONAL,
47,Pita Kabob Grill,ChIJlXLuVz-uPIgRyqNQN3TTRpQ,42.27797870000001,-83.7411264,4.2,285,"['restaurant', 'food', 'point_of_interest', 'store', 'establishment']","619 E William St, Ann Arbor",1.0,"[{'height': 4032, 'html_attributions': ['<a href=""https://maps.google.com/maps/contrib/109676450821636384534"">Jared Sammarco</a>'], 'photo_reference': 'CmRaAAAA-P-jbBnuAEnp_tiLdavfSGppddusN_G4_rAm6OW2c6CN07cO6E0tReEELUjWO3UV7J9Zn3ElH658toRoFzFwvF_MnMnxn9Afo36_vLhnLHupo-8UZUb72inEI2uk0hh3EhDM35CV2kaLYKiPUJP0YbyQGhSOME5i2-Szus4D0r-RszBkZm-cDA', 'width': 3024}]",OPERATIONAL,
48,Shalimar Restaurant,ChIJOSatXDyuPIgRehsG8WwjCRw,42.2793005,-83.74847299999999,4.2,700,"['restaurant', 'food', 'point_of_interest', 'establishment']","307 S Main St, Ann Arbor",2.0,"[{'height': 2620, 'html_attributions': ['<a href=""https://maps.google.com/maps/contrib/115393326772655118952"">A Google User</a>'], 'photo_reference': 'CmRaAAAArZ_HPGgaBthZmP-H7xKrojRZSC5vSFkA9Iy6XbB-WjAShaYwCkWxyRfV3EhECbg6X7o9zFHDcL4hznKFuq_ChW4pxGGeZUsGtt1E5IGHgtDJAyrat0OZxikG6R2DCW6mEhCGTquTcnfCLmpU37Dsno1_GhQXOOzeVsYeO2ezhzoaPnagjRAgiA', 'width': 4656}]",OPERATIONAL,
49,The Pretzel Bell,ChIJT_ulVzyuPIgRK9LtADY2u2c,42.27971050000001,-83.74878489999999,4.1,883,"['bar', 'restaurant', 'food', 'point_of_interest', 'establishment']","226 S Main St, Ann Arbor",2.0,"[{'height': 4032, 'html_attributions': ['<a href=""https://maps.google.com/maps/contrib/112906766353289405592"">Andrew Green</a>'], 'photo_reference': 'CmRaAAAASl4GBJhSWXTiZSTEhh9QxaVdXvZSHHS35eZhUB1OltbD0I1734MBYL4SlG5UShzTThySVHbqRFQHSTi-cotM02UB0fYbJx3Ghsj52FmMNLXJGGnexkFtq2rSey0DhgaNEhDJ_JqC2VLyH86W_WUvEZ-CGhQgXZ1GCS128IO89DPG28M0Rs6qZA', 'width': 2268}]",CLOSED_TEMPORARILY,True
50,aMa Bistro,ChIJsYGIhECuPIgRbrPAhdk62A8,42.2797597,-83.7406644,4.2,230,"['restaurant', 'food', 'point_of_interest', 'establishment']","215 S State St, Ann Arbor",,"[{'height': 3024, 'html_attributions': ['<a href=""https://maps.google.com/maps/contrib/113543023189199259780"">Sharon J</a>'], 'photo_reference': 'CmRaAAAAVwqVf6R0oUtG1vQUc53yPQ24vTy2j91xd5ixZqt35kp7BIDqaC3X-pcbJDDrkX-IB3V7NyeEzy9JrGksqxY_bTIj_6iyi1qe9ehqwTsUuXQBvG_pYal2mUfYPscQljAhEhBos6BTkZFUTmGAFLjVF0alGhRloY4dP9MMdbx6XlReTF5gZpdysQ', 'width': 3024}]",OPERATIONAL,
51,Heidelberg Restaurant,ChIJYRSAKBauPIgRmN5lm6S6KXU,42.2828971,-83.7486223,4.0,486,"['night_club', 'bar', 'restaurant', 'food', 'point_of_interest', 'establishment']","215 N Main St, Ann Arbor",2.0,"[{'height': 3024, 'html_attributions': ['<a href=""https://maps.google.com/maps/contrib/117819142242958731658"">Don Nutter</a>'], 'photo_reference': 'CmRaAAAA78JPRpgb-7oU9aZu36FfRDN_QAPi-vLEcQvp9ECokjHK9aeuKsprbfhlpc38--6N-OOzi7gr2OXbrjLcB3AK1PxvNdIjeKzOnNY-GF22bmP__nPnHF7CuLTfEVbHDPrlEhDWmhyOFfTsFWmzrgT_ZixlGhRONe9G1lY1eYLJUzX6UAgFeuVwxw', 'width': 4032}]",OPERATIONAL,
52,TAQ - Taqueria Restaurant & Bar,ChIJ68vWRTyuPIgRoncVfPW0j9c,42.279456,-83.748154,4.2,212,"['restaurant', 'food', 'point_of_interest', 'establishment']","106 E Liberty St, Ann Arbor",1.0,"[{'height': 3456, 'html_attributions': ['<a href=""https://maps.google.com/maps/contrib/109136694910345990633"">Fahad Hamid</a>'], 'photo_reference': 'CmRaAAAA_V-3bkOYD-YJ3S86ommx9OyvvkHseP3XhIiLPIASqnrEXH386iEXvsKD--abcacO1kFUyZUkLbAsqB5j87AEJ_rng0m4B_p64fmi0oCqBlDETR2_5aUwuGEfPnj9G6HXEhAcKdA2JIIrzml0fG2M7Gu1GhQxAua_I19vvpKi5FC5QkISuO7o4g', 'width': 4608}]",OPERATIONAL,
53,Miki Japanese Restaurant,ChIJHQkmOj2uPIgReQEigT4l9kU,42.281174,-83.75123099999999,4.4,372,"['restaurant', 'food', 'point_of_interest', 'establishment']","106 S 1st St, Ann Arbor",2.0,"[{'height': 3024, 'html_attributions': ['<a href=""https://maps.google.com/maps/contrib/102318069808087942909"">Sophia Peng</a>'], 'photo_reference': 'CmRaAAAA7wCnYzm455mSViBRmTM2iiJ3eJF1GT1hpZEuEJ6z3CsuiSFsD0HBRzBo1V769UhfUP2dyKkOidzJPe_6S7bG0tcsT2O8jbFp-dykoegksrIgGzSxrhi_V1OmhQomxLprEhDS-33vxl4rhmsQZyZeNwM6GhSVrvqNQ2W2z0IO11U9KdKgyEVeIw', 'width': 3024}]",OPERATIONAL,
54,No Thai!,ChIJ_YBk70SuPIgReOBonAvNao0,42.2747685,-83.73291859999999,4.1,464,"['restaurant', 'food', 'point_of_interest', 'establishment']","SOUTH UNIVERSITY 1300, S University Ave #3, Ann Arbor",1.0,"[{'height': 4032, 'html_attributions': ['<a href=""https://maps.google.com/maps/contrib/106681525586360345997"">najwa aboudaye</a>'], 'photo_reference': 'CmRaAAAA3CWjS5wwrZLDxR6NCx816Ac_-Hevz9fZJ7fMQKEg4s23qufpF4AFQr0ZjAdE1g2KdzjSqQby9cynHHoo4DAIpOrQWzwH_2gGFaQ9WiqbvsUhcYB54UtWrhWaTogovbYfEhCxBT4iciwWtIV8I-PdXJNqGhTp2D2Zt9dcCV7CHLF_eFy3zN-CSw', 'width': 3024}]",OPERATIONAL,
55,Moon Cafe,ChIJ9yDDG0iuPIgRCcbn6K0K_4I,42.2714971,-83.7408536,4.6,69,"['restaurant', 'food', 'point_of_interest', 'store', 'establishment']","812 S State St, Ann Arbor",,"[{'height': 2031, 'html_attributions': ['<a href=""https://maps.google.com/maps/contrib/102542590192376589204"">Rod&#39;s Diner</a>'], 'photo_reference': 'CmRaAAAA_lo1ivsXcRNx1P2onhut_-1LtZPYh0dEONnKySrF3M7A3MZtfOTUkRzIJB2cmWeaY_5fX3dRD1LpIcEILDc9pqQ2KbzLWQ1qD-KX8oWntiT-A2MsEa36ZP7EO5hjKUEwEhAVbm9wmgzX9gr_qDileLJ5GhSTirjvgoGBeQ2IEko-LBV3R85mlg', 'width': 2048}]",OPERATIONAL,
56,Brown Jug Restaurant,ChIJgxFrSUSuPIgRNMHA3whSTiA,42.2747792,-83.734297,4.2,399,"['bar', 'restaurant', 'food', 'point_of_interest', 'establishment']","1204 S University Ave, Ann Arbor",1.0,"[{'height': 4032, 'html_attributions': ['<a href=""https://maps.google.com/maps/contrib/106090787656680164462"">A Google User</a>'], 'photo_reference': 'CmRaAAAAQc0R2KttEF8CO0kHETurjFIN_b4OPYPJriGJ0jtQErX38WTqmxaK-aOIuBB7NrFly4gY9VaC785HX3LhKQ-HJit8fKI8Zem8h64GSQgjO-xouHzL9UYbOUQqlQq8qUAvEhC4n2UFbDvO1RFVlrZTD6w6GhRypTORgYwuHhn2v13Epxm6hqO_JA', 'width': 3024}]",CLOSED_TEMPORARILY,True
57,One Bowl Asian Cuisine,ChIJq_gjVESuPIgRuUJqLVPNMgE,42.27477030000001,-83.7334237,4.3,323,"['restaurant', 'food', 'point_of_interest', 'establishment']","Ann Arbor Plaza, 1220 S University Ave, Ann Arbor",2.0,"[{'height': 3024, 'html_attributions': ['<a href=""https://maps.google.com/maps/contrib/106240269369829425566"">Melong Melos</a>'], 'photo_reference': 'CmRaAAAAXdjIH1Mo2K8CVMEdfjXfwvZdGr82A_9_91keBhdsoArjc7IhkepYKyivn4fHRgLQWuLDKcwT6o-GjrWb7558d45h41qLxtZOJms7Wx3NtKrsbctlZxMT9iGaSiGv3v32EhB6n1OxQK3d97gj1_m54Fj_GhT9NF755akkZ1Tk7bEpkG8XQ-2Yyg', 'width': 4032}]",OPERATIONAL,
58,Gratzi Ann Arbor,ChIJrx0mZDyuPIgRV2aOnc4PA7c,42.278711,-83.74885599999999,4.2,629,"['bar', 'restaurant', 'food', 'point_of_interest', 'establishment']","326 S Main St, Ann Arbor",3.0,"[{'height': 3024, 'html_attributions': ['<a href=""https://maps.google.com/maps/contrib/109377586477959982061"">Regulo Salinas</a>'], 'photo_reference': 'CmRaAAAAQ4Vpc8z59xrCPmK2hj0QVrcfRCdw7MKfIzDnvd-5rW9i2TjOrNAQx-jTL2OAUfMqPpq1JgCuRKKT1CfuP-vy4Tj4lVCmyF6IBj-KO2GglxxVJjdbmGvw7DOjKwQoB53SEhCRgfQYy9UeKb6AjDixQIB4GhSxaZg4tJucoBPqXV_KmySRdY238g', 'width': 4032}]",OPERATIONAL,
59,Chow Asian Street Food,ChIJ-XvtrkivPIgRXnbtiCWRyrU,42.27975310000001,-83.750267,4.4,140,"['restaurant', 'food', 'point_of_interest', 'establishment']","208 W Liberty St, Ann Arbor",,"[{'height': 2251, 'html_attributions': ['<a href=""https://maps.google.com/maps/contrib/101050086310151373271"">A Google User</a>'], 'photo_reference': 'CmRaAAAAQ2M90KGAe21C5MTZv2JZKv3Nf81NWNrGahDT8g2iRvJZBnzf1jg925W0MwB-V5tg8tH4XIQTCtMgDvqOhHJN5E0vlKNKVDBifavyYYCUe3znwBAq-3WVolKvMkViAmnrEhAFh4dqBOY3vKFvWzsIxdniGhSdRyORu4hv_anyGU16uHfrKqFOVA', 'width': 3000}]",CLOSED_TEMPORARILY,True
